"weight";"word";"color";"url"
"11";"test";"";""
"10";"models";"";""
"8";"program";"";""
"8";"systems";"";""
"8";"generation";"";""
"8";"natural language";"";""
"8";"requirements";"";""
"5";"study";"";""
"4";"refinement";"";""
"4";"checking";"";""
"4";"testing";"";""
"4";"design";"";""
"4";"synthesizer";"";""
"4";"development";"";""
"4";"empirical";"";""
"4";"sound";"";""
"4";"conformance";"";""
"3";"component-based";"";""
"3";"integrated";"";""
"3";"semantics";"";""
"3";"reasoning";"";""
"3";"SysML";"";""
"3";"compositional";"";""
"3";"patterns";"";""
"3";"controlled";"";""
"3";"code";"";""
"3";"coverage";"";""
"3";"industrial";"";""
"3";"timed";"";""
"3";"reactive";"";""
"3";"SCR";"";""
"3";"Alloy";"";""
"2";"multi-concept";"";""
"2";"synthesisers";"";""
"2";"analysis";"";""
"2";"finder";"";""
"2";"genetic";"";""
"2";"programming";"";""
"2";"automatic";"";""
"2";"CPN";"";""
"2";"simulation-based";"";""
"2";"software";"";""
"2";"modelling";"";""
"2";"NAT2TEST";"";""
"2";"optimising";"";""
"2";"generated";"";""
"2";"aspect-oriented";"";""
"2";"assertion";"";""
"2";"JML";"";""
"2";"transformations";"";""
"2";"synthesis";"";""
"2";"finding";"";""
"2";"rigorous";"";""
"2";"component";"";""
"2";"metadata";"";""
"2";"mechanised";"";""
"2";"verification";"";""
"2";"input-output";"";""
"2";"cyber-physical";"";""
"2";"theory";"";""
"2";"implementation";"";""
"2";"effect";"";""
"2";"metrics";"";""
"2";"domain";"";""
"2";"imperative";"";""
"2";"programs";"";""
"2";"faults";"";""
"2";"robotics";"";""
"1";"strategy";"";""
"1";"evolution";"";""
"1";"exploratory";"";""
"1";"pruned";"";""
"1";"GUI";"";""
"1";"algebra";"";""
"1";"temporal";"";""
"1";"idiom";"";""
"1";"data";"";""
"1";"types";"";""
"1";"automation";"";""
"1";"consistency";"";""
"1";"local";"";""
"1";"livelock";"";""
"1";"CSP";"";""
"1";"compositionality";"";""
"1";"correctness";"";""
"1";"tolerant";"";""
"1";"HOL4";"";""
"1";"process";"";""
"1";"HSP";"";""
"1";"hybrid";"";""
"1";"prioritisation";"";""
"1";"regression";"";""
"1";"information";"";""
"1";"retrieval";"";""
"1";"applied";"";""
"1";"CML";"";""
"1";"tool";"";""
"1";"applications";"";""
"1";"quantifying";"";""
"1";"effects";"";""
"1";"decompositions";"";""
"1";"contract";"";""
"1";"modularisation";"";""
"1";"specifications";"";""
"1";"state";"";""
"1";"prioritisation";"";""
"1";"search";"";""
"1";"criteria";"";""
"1";"validating";"";""
"1";"verifying";"";""
"1";"data-flow";"";""
"1";"Coq";"";""
"1";"simulation";"";""
