Text;Size;Color;Angle;Font;Repeat;URL
TEST;14;Random;Random;Random;Yes;
PROGRAM;12;Random;Random;Random;Yes;
MODEL;12;Random;Random;Random;Yes;
NATURAL LANGUAGE;11;Random;Random;Random;Yes;
REQUIREMENTS;9;Random;Random;Random;Yes;
SYSTEMS;8;Random;Random;Random;Yes;
COMPONENT;5;Random;Random;Random;Yes;
REFINEMENT;4;Random;Random;Random;Yes;
CHECKING;4;Random;Random;Random;Yes;
DESIGN;4;Random;Random;Random;Yes;
SYNTHESIZER;4;Random;Random;Random;Yes;
DEVELOPMENT;4;Random;Random;Random;Yes;
EMPIRICAL;4;Random;Random;Random;Yes;
SOUND;4;Random;Random;Random;Yes;
CONFORMANCE;4;Random;Random;Random;Yes;
ALLOY;3;Random;Random;Random;Yes;
INTEGRATED;3;Random;Random;Random;Yes;
SEMANTICS;3;Random;Random;Random;Yes;
REASONING;3;Random;Random;Random;Yes;
SYSML;3;Random;Random;Random;Yes;
COMPOSITIONAL;3;Random;Random;Random;Yes;
PATTERNS;3;Random;Random;Random;Yes;
SIMULATION;3;Random;Random;Random;Yes;
CONTROLLED;3;Random;Random;Random;Yes;
SELECTION;3;Random;Random;Random;Yes;
CODE;3;Random;Random;Random;Yes;
COVERAGE;3;Random;Random;Random;Yes;
INDUSTRIAL;3;Random;Random;Random;Yes;
TIMED;3;Random;Random;Random;Yes;
REACTIVE;3;Random;Random;Random;Yes;
SCR;3;Random;Random;Random;Yes;
EFFECT;3;Random;Random;Random;Yes;
FAMILY;2;Random;Random;Random;Yes;
FAULT;2;Random;Random;Random;Yes;
DATA;2;Random;Random;Random;Yes;
ANALYSIS;2;Random;Random;Random;Yes;
COMBINING;2;Random;Random;Random;Yes;
FINDER;2;Random;Random;Random;Yes;
GENETIC;2;Random;Random;Random;Yes;
AUTOMATIC;2;Random;Random;Random;Yes;
CPN;2;Random;Random;Random;Yes;
SOFTWARE;2;Random;Random;Random;Yes;
OPTIMISING;2;Random;Random;Random;Yes;
ASPECT;2;Random;Random;Random;Yes;
ORIENTED;2;Random;Random;Random;Yes;
ASSERTION;2;Random;Random;Random;Yes;
JML;2;Random;Random;Random;Yes;
TRANSFORMATIONS;2;Random;Random;Random;Yes;
SYNTHESIS;2;Random;Random;Random;Yes;
FINDING;2;Random;Random;Random;Yes;
RIGOROUS;2;Random;Random;Random;Yes;
METADATA;2;Random;Random;Random;Yes;
MECHANISED;2;Random;Random;Random;Yes;
VERIFICATION;2;Random;Random;Random;Yes;
INPUT;2;Random;Random;Random;Yes;
OUTPUT;2;Random;Random;Random;Yes;
CYBER-PHYSICAL;2;Random;Random;Random;Yes;
THEORY;2;Random;Random;Random;Yes;
IMPLEMENTATION;2;Random;Random;Random;Yes;
DISTANCE;2;Random;Random;Random;Yes;
METRICS;2;Random;Random;Random;Yes;
DOMAIN;2;Random;Random;Random;Yes;
IMPERATIVE;2;Random;Random;Random;Yes;
VERIFIED;2;Random;Random;Random;Yes;
STRATEGY;1;Random;Random;Random;Yes;
EVOLUTION;1;Random;Random;Random;Yes;
EXPLORATORY;1;Random;Random;Random;Yes;
GUI;1;Random;Random;Random;Yes;
ALGEBRA;1;Random;Random;Random;Yes;
TEMPORAL;1;Random;Random;Random;Yes;
IDIOM;1;Random;Random;Random;Yes;
TYPES;1;Random;Random;Random;Yes;
AUTOMATION;1;Random;Random;Random;Yes;
CONSISTENCY;1;Random;Random;Random;Yes;
LOCAL;1;Random;Random;Random;Yes;
LIVELOCK;1;Random;Random;Random;Yes;
CSP;1;Random;Random;Random;Yes;
COMPOSITIONALITY;1;Random;Random;Random;Yes;
CORRECTNESS;1;Random;Random;Random;Yes;
TOLERANT;1;Random;Random;Random;Yes;
HOL;1;Random;Random;Random;Yes;
PROCESS;1;Random;Random;Random;Yes;
HSP;1;Random;Random;Random;Yes;
HYBRID;1;Random;Random;Random;Yes;
PRIORITISATION;1;Random;Random;Random;Yes;
REGRESSION;1;Random;Random;Random;Yes;
INFORMATION;1;Random;Random;Random;Yes;
RETRIEVAL;1;Random;Random;Random;Yes;
APPLIED;1;Random;Random;Random;Yes;
CML;1;Random;Random;Random;Yes;
TOOL;1;Random;Random;Random;Yes;
APPLICATIONS;1;Random;Random;Random;Yes;
QUANTIFYING;1;Random;Random;Random;Yes;
DECOMPOSITIONS;1;Random;Random;Random;Yes;
CONTRACT;1;Random;Random;Random;Yes;
MODULARISATION;1;Random;Random;Random;Yes;
SPECIFICATIONS;1;Random;Random;Random;Yes;
STATE;1;Random;Random;Random;Yes;
UI;1;Random;Random;Random;Yes;
PRIORITISATION;1;Random;Random;Random;Yes;
SETTING;1;Random;Random;Random;Yes;
SEARCH;1;Random;Random;Random;Yes;
BEST;1;Random;Random;Random;Yes;
CRITERIA;1;Random;Random;Random;Yes;
VALIDATING;1;Random;Random;Random;Yes;
FLOW;1;Random;Random;Random;Yes;
COQ;1;Random;Random;Random;Yes;
ROBOTICS;1;Random;Random;Random;Yes;
